"term","tau","estimate","std.error","p.value"
"(Intercept)",0.1,18525.6757665301,3625.33485635674,3.22130059515757e-07
"bs(Age, knots = c(21, 45, 60))1",0.1,-7683.31773508888,3718.78211263928,0.0388208244352377
"bs(Age, knots = c(21, 45, 60))2",0.1,-6786.19195861095,3595.87622073424,0.0591317517545211
"bs(Age, knots = c(21, 45, 60))3",0.1,-6785.51813540688,3637.01665324286,0.0620861643647719
"bs(Age, knots = c(21, 45, 60))4",0.1,-4458.33867878983,3604.73836638381,0.216161875695664
"bs(Age, knots = c(21, 45, 60))5",0.1,-361.740006089768,3685.74937351896,0.921816719494917
"bs(Age, knots = c(21, 45, 60))6",0.1,6031.00565110574,3635.71454121105,0.0971519170353983
"TitleIX_18Some1",0.1,-299.00482339773,69.2522028523851,1.57737867563235e-05
"TitleIX_18Some2",0.1,-335.177713958015,74.9028377250979,7.64812363329703e-06
"TitleIX_18Some3",0.1,-453.853331923851,55.3820969133019,2.22044604925031e-16
"TitleIX_18Some4",0.1,-638.037896760209,66.396083879797,0
"TitleIX_18Some5",0.1,-398.60170816241,52.9051913565355,4.9293902293357e-14
"TitleIX_18Some6",0.1,-519.641690528341,64.9696037156767,1.33226762955019e-15
"TitleIX_18Some7",0.1,-354.932623421094,44.4364022630265,1.33226762955019e-15
"TitleIX_18Some8",0.1,-581.384511594531,57.1475919666445,0
"TitleIX_18Some9",0.1,-619.769448370106,53.7370630567134,0
"TitleIX_18Some10",0.1,-442.109773978147,45.912571317817,0
"TitleIX_18Some11",0.1,-598.024671136716,51.0585876108447,0
"TitleIX_18Some12",0.1,-448.826012374945,43.2466309741939,0
"TitleIX_18Some13",0.1,-442.577185771128,47.606938955428,0
"TitleIX_18Some14",0.1,-440.3389246833,42.6775021381922,0
"TitleIX_18Some15",0.1,-342.63195821172,45.4102147624984,4.52970994047064e-14
"TitleIX_18Some16",0.1,-299.081708072451,43.286951653231,4.87476725652414e-12
"TitleIX_18Yes",0.1,-144.443790501578,28.819563997544,5.38770899449759e-07
"GenderM",0.1,-6314.47919545126,3628.1488788106,0.0817868172988931
"bs(Age, knots = c(21, 45, 60))1:GenderM",0.1,5237.78485173238,3731.80750461948,0.160452759369452
"bs(Age, knots = c(21, 45, 60))2:GenderM",0.1,3758.51082272494,3598.99546323648,0.296336658550037
"bs(Age, knots = c(21, 45, 60))3:GenderM",0.1,4864.29241271949,3642.55476478317,0.181743611065237
"bs(Age, knots = c(21, 45, 60))4:GenderM",0.1,3997.4281127298,3608.52558241355,0.267960081119879
"bs(Age, knots = c(21, 45, 60))5:GenderM",0.1,4916.15001592673,3698.00695122119,0.18371466316963
"bs(Age, knots = c(21, 45, 60))6:GenderM",0.1,7985.9417493687,3694.8875963597,0.0306686768147246
"(Intercept)",0.25,17842.6834852972,18268.4855559533,0.328721951438854
"bs(Age, knots = c(21, 45, 60))1",0.25,-5972.37226874811,18353.8974197884,0.744877859524613
"bs(Age, knots = c(21, 45, 60))2",0.25,-5661.19185441478,18238.6849578493,0.756260873589014
"bs(Age, knots = c(21, 45, 60))3",0.25,-5123.44252531219,18278.7059016258,0.779250726303865
"bs(Age, knots = c(21, 45, 60))4",0.25,-2909.69817800089,18245.6047612135,0.873295540789366
"bs(Age, knots = c(21, 45, 60))5",0.25,1579.493000075,18317.9274553011,0.931286289605361
"bs(Age, knots = c(21, 45, 60))6",0.25,9719.64417004027,18233.6084004766,0.593990792011727
"TitleIX_18Some1",0.25,-230.879666877518,58.1429603405907,7.16088561376615e-05
"TitleIX_18Some2",0.25,-375.565784874934,49.6005145727025,3.68594044175552e-14
"TitleIX_18Some3",0.25,-513.588310486341,58.782522796878,0
"TitleIX_18Some4",0.25,-622.180592441817,61.2985839794924,0
"TitleIX_18Some5",0.25,-508.835332859312,49.458212707794,0
"TitleIX_18Some6",0.25,-571.447129098805,43.5762678695177,0
"TitleIX_18Some7",0.25,-484.332222927051,45.4401572020019,0
"TitleIX_18Some8",0.25,-607.196901869371,51.4258075642277,0
"TitleIX_18Some9",0.25,-793.324720397907,46.7796894449739,0
"TitleIX_18Some10",0.25,-550.771875536824,54.2742233080438,0
"TitleIX_18Some11",0.25,-688.378052450676,48.4622286165197,0
"TitleIX_18Some12",0.25,-544.340217193157,52.3184837750706,0
"TitleIX_18Some13",0.25,-565.005848615116,46.0699517767724,0
"TitleIX_18Some14",0.25,-565.434641414513,47.863637710737,0
"TitleIX_18Some15",0.25,-472.245402618246,47.658733957752,0
"TitleIX_18Some16",0.25,-393.626272750709,40.8682277332563,0
"TitleIX_18Yes",0.25,-258.257076836496,23.7731448174491,0
"GenderM",0.25,-2433.77071640071,18267.0198668451,0.894009108869284
"bs(Age, knots = c(21, 45, 60))1:GenderM",0.25,1105.08394396509,18356.8810505924,0.951996373235173
"bs(Age, knots = c(21, 45, 60))2:GenderM",0.25,354.965594535488,18239.9989799031,0.98447348571101
"bs(Age, knots = c(21, 45, 60))3:GenderM",0.25,618.863681652819,18280.3261346937,0.972993516749287
"bs(Age, knots = c(21, 45, 60))4:GenderM",0.25,149.074350830292,18246.9574797326,0.993481501584278
"bs(Age, knots = c(21, 45, 60))5:GenderM",0.25,1525.48824874266,18321.1542836994,0.933641833494679
"bs(Age, knots = c(21, 45, 60))6:GenderM",0.25,1833.15743702172,18267.9887490293,0.920068019296937
"(Intercept)",0.5,40521.0423757154,9978.81262370701,4.89287174332276e-05
"bs(Age, knots = c(21, 45, 60))1",0.5,-26938.3615319366,10065.7576085929,0.00744552687726596
"bs(Age, knots = c(21, 45, 60))2",0.5,-27428.2790160563,9950.54317895838,0.00584319675858991
"bs(Age, knots = c(21, 45, 60))3",0.5,-26148.0735649596,9990.70039751078,0.00886452873227106
"bs(Age, knots = c(21, 45, 60))4",0.5,-23919.6364163656,9957.38815298546,0.016297023436231
"bs(Age, knots = c(21, 45, 60))5",0.5,-17465.7460626033,10032.4196217212,0.0816961245170895
"bs(Age, knots = c(21, 45, 60))6",0.5,-14257.979956287,9956.28157516632,0.152127396042772
"TitleIX_18Some1",0.5,-85.9599883875561,59.2249947789451,0.146664988651926
"TitleIX_18Some2",0.5,-425.596118237796,65.6904958014544,9.25020060549286e-11
"TitleIX_18Some3",0.5,-331.454351974637,57.233344674574,6.98772462115471e-09
"TitleIX_18Some4",0.5,-469.550994002547,55.9367132773543,0
"TitleIX_18Some5",0.5,-422.531073620002,51.2931642469715,2.22044604925031e-16
"TitleIX_18Some6",0.5,-506.11010787467,50.108115832955,0
"TitleIX_18Some7",0.5,-415.74132306694,48.8616354359767,0
"TitleIX_18Some8",0.5,-664.641132256224,49.3947024043137,0
"TitleIX_18Some9",0.5,-720.839156197171,50.0544027323848,0
"TitleIX_18Some10",0.5,-669.39304491856,41.8905524846697,0
"TitleIX_18Some11",0.5,-538.910892317444,41.8034895337506,0
"TitleIX_18Some12",0.5,-504.068260142633,48.2401673988525,0
"TitleIX_18Some13",0.5,-456.574595557056,46.732309177298,0
"TitleIX_18Some14",0.5,-596.723677378981,46.4489892207015,0
"TitleIX_18Some15",0.5,-380.774740198336,46.4009707249538,2.22044604925031e-16
"TitleIX_18Some16",0.5,-301.142323727265,37.1194869172241,4.44089209850063e-16
"TitleIX_18Yes",0.5,-231.11079171227,25.251741317762,0
"GenderM",0.5,-25099.4617174569,11256.8988672661,0.02576790586857
"bs(Age, knots = c(21, 45, 60))1:GenderM",0.5,23849.8690146185,11371.7313511553,0.0359678243016508
"bs(Age, knots = c(21, 45, 60))2:GenderM",0.5,23408.7261966499,11223.2269272894,0.0370025477591343
"bs(Age, knots = c(21, 45, 60))3:GenderM",0.5,22971.8246454837,11272.9555836646,0.0415720721681472
"bs(Age, knots = c(21, 45, 60))4:GenderM",0.5,23040.7022156238,11233.4020134414,0.0402586422687667
"bs(Age, knots = c(21, 45, 60))5:GenderM",0.5,22990.5218645832,11318.8628479496,0.0422381897436388
"bs(Age, knots = c(21, 45, 60))6:GenderM",0.5,28660.8137641839,11232.5967603624,0.0107239024603536
"(Intercept)",0.75,75018.6400871328,6986.37512530515,0
"bs(Age, knots = c(21, 45, 60))1",0.75,-58187.3375834385,6990.54040102575,0
"bs(Age, knots = c(21, 45, 60))2",0.75,-59714.5194484936,6836.62663075475,0
"bs(Age, knots = c(21, 45, 60))3",0.75,-57477.5134633179,6891.36520332674,0
"bs(Age, knots = c(21, 45, 60))4",0.75,-55026.1928026356,6847.53558682225,8.88178419700125e-16
"bs(Age, knots = c(21, 45, 60))5",0.75,-48478.6204802886,6932.18230386513,2.68762789801258e-12
"bs(Age, knots = c(21, 45, 60))6",0.75,-46226.6301441368,6854.04476892306,1.53730361773796e-11
"TitleIX_18Some1",0.75,-105.882170473011,76.1668789702318,0.164488559436072
"TitleIX_18Some2",0.75,-537.676544997596,83.9883557132246,1.53639767574987e-10
"TitleIX_18Some3",0.75,-445.81225329212,58.3177710778437,2.08721928629529e-14
"TitleIX_18Some4",0.75,-638.713790693072,63.6093461803118,0
"TitleIX_18Some5",0.75,-339.6850518127,62.5077268674722,5.50310037539248e-08
"TitleIX_18Some6",0.75,-497.14413313879,54.9795146633856,0
"TitleIX_18Some7",0.75,-538.188651631693,74.2188520751346,4.13002965160558e-13
"TitleIX_18Some8",0.75,-789.269441569007,63.8995058388109,0
"TitleIX_18Some9",0.75,-831.88187535347,59.9505263818365,0
"TitleIX_18Some10",0.75,-852.140974273153,51.507380828541,0
"TitleIX_18Some11",0.75,-736.812654749892,59.3790385077116,0
"TitleIX_18Some12",0.75,-736.534857506636,62.1189333215314,0
"TitleIX_18Some13",0.75,-623.007602038321,52.5575480840424,0
"TitleIX_18Some14",0.75,-728.824733587119,56.6080945701524,0
"TitleIX_18Some15",0.75,-541.980545137249,52.2336280243154,0
"TitleIX_18Some16",0.75,-478.509121950115,52.9342039740449,0
"TitleIX_18Yes",0.75,-327.83516606239,33.2713113319557,0
"GenderM",0.75,-49799.5123110724,9587.44099956638,2.05601975888925e-07
"bs(Age, knots = c(21, 45, 60))1:GenderM",0.75,48594.0145306989,9753.86019247143,6.29337848501166e-07
"bs(Age, knots = c(21, 45, 60))2:GenderM",0.75,48581.8847764708,9538.99172134847,3.52558700900119e-07
"bs(Age, knots = c(21, 45, 60))3:GenderM",0.75,47206.3551228204,9610.36772320163,9.01584507051467e-07
"bs(Age, knots = c(21, 45, 60))4:GenderM",0.75,47362.703267859,9555.61013707998,7.17762409951916e-07
"bs(Age, knots = c(21, 45, 60))5:GenderM",0.75,48520.2649078837,9660.47831539701,5.09997974962317e-07
"bs(Age, knots = c(21, 45, 60))6:GenderM",0.75,53070.4195646829,9566.3322306845,2.89666086672469e-08
"(Intercept)",0.9,142865.962347028,96796.0649411357,0.139958226485029
"bs(Age, knots = c(21, 45, 60))1",0.9,-122972.217863585,97197.170725001,0.205806059266197
"bs(Age, knots = c(21, 45, 60))2",0.9,-126260.159725327,96677.3582699176,0.191554578723427
"bs(Age, knots = c(21, 45, 60))3",0.9,-122969.783738835,96853.3320578155,0.204209873195405
"bs(Age, knots = c(21, 45, 60))4",0.9,-120546.870458569,96707.0424156006,0.21257539570615
"bs(Age, knots = c(21, 45, 60))5",0.9,-112988.670858157,97017.920349393,0.24417460141399
"bs(Age, knots = c(21, 45, 60))6",0.9,-109775.625791443,96368.6915675645,0.254652913036354
"TitleIX_18Some1",0.9,-289.43835653713,111.819560728,0.00964131144038438
"TitleIX_18Some2",0.9,-588.65014456756,122.408967725335,1.51804533454758e-06
"TitleIX_18Some3",0.9,-524.014956138493,96.9794574865969,6.54220704277009e-08
"TitleIX_18Some4",0.9,-669.93951160002,98.14073194833,8.71835936777643e-12
"TitleIX_18Some5",0.9,-571.18760584129,85.5280825622406,2.41779929410768e-11
"TitleIX_18Some6",0.9,-445.152366882221,127.833279782087,0.000497173608652979
"TitleIX_18Some7",0.9,-656.030330882358,113.913728734888,8.46387138153659e-09
"TitleIX_18Some8",0.9,-838.678192998984,94.4932991422403,0
"TitleIX_18Some9",0.9,-832.910703530928,99.1865322535687,0
"TitleIX_18Some10",0.9,-1046.52337281424,94.4104715419031,0
"TitleIX_18Some11",0.9,-846.371259668257,82.5371291806247,0
"TitleIX_18Some12",0.9,-924.97476530383,100.667450002564,0
"TitleIX_18Some13",0.9,-587.614918030694,86.9152921017617,1.37343469930329e-11
"TitleIX_18Some14",0.9,-943.032315058293,76.3601480083312,0
"TitleIX_18Some15",0.9,-720.780317576028,72.9931003643658,0
"TitleIX_18Some16",0.9,-650.342662924421,85.501676285218,2.8421709430404e-14
"TitleIX_18Yes",0.9,-443.826403640808,46.242867927228,0
"GenderM",0.9,-124046.073882685,96842.7595590386,0.200228491592126
"bs(Age, knots = c(21, 45, 60))1:GenderM",0.9,122851.223547606,97254.5919275592,0.206520543328886
"bs(Age, knots = c(21, 45, 60))2:GenderM",0.9,123025.117655272,96721.9050344952,0.203392383464912
"bs(Age, knots = c(21, 45, 60))3:GenderM",0.9,120959.163815932,96901.3922816676,0.211932316438855
"bs(Age, knots = c(21, 45, 60))4:GenderM",0.9,121348.87248269,96752.2831751863,0.209761569932602
"bs(Age, knots = c(21, 45, 60))5:GenderM",0.9,123122.743954378,97068.3579894919,0.20465094789938
"bs(Age, knots = c(21, 45, 60))6:GenderM",0.9,121859.916033493,96413.5896976302,0.20625593152538
